收/支                 ,交易对方                ,对方账号                ,商品说明                ,收/付款方式              ,金额                  ,交易状态                ,交易分类                ,交易订单号     ,商家订单号           ,交易时间            
支出                  ,饿了么                 ,e50***@alibaba-inc.com,兰姐.凉皮.春卷.拌粉拌面外卖订单   ,中国农业银行信用卡(8765)     ,22.31,交易成功                ,餐饮美食                ,"2022050222001167731435168358	","11180600722050243132681146599	",2022/5/2 18:18
支出                  ,中国石油黄山冲加油站          ,zha***@petrochina.com.cn,中国石油-条码支付           ,中国农业银行信用卡(8765)     ,561,交易成功                ,爱车养车                ,"2022050222001467731434047025	","16514607080612815044	",2022/5/2 11:05
支出                  ,上海稍息网络科技有限公司        ,qih***@51shaoxi.com ,摩摩哒8.00元套餐如按摩椅未启动或对订单有疑问请拨打客服电话客服电话：400-869-0707,中国农业银行信用卡(8765)     ,8,交易成功                ,医疗健康                ,"2022043022001467731433425327	","22204301520282967430529024	",2022/4/30 14:04
支出                  ,*宜林                 ,187******82         ,收钱码收款               ,花呗                  ,8,交易成功                ,医疗健康                ,"2022042922001467731432910750	","46512280134232153567736	",2022/4/29 18:26
支出                  ,贵阳云岩勇惠贰壹便利店         ,                    ,test12109132394238418173751739,花呗                  ,3,交易成功                ,日用百货                ,"2022042922001467731433454910	","05126600000105000212109132394238418173751739	",2022/4/29 17:37
支出                  ,饿了么                 ,e50***@alibaba-inc.com,囍记·南越风味饮食外卖订单       ,中国农业银行信用卡(8765)     ,32.5,交易成功                ,餐饮美食                ,"2022042922001167731433120411	","11110600722042990172476146599	",2022/4/29 11:03
支出                  ,黔兴油条店               ,188******01         ,收钱码收款               ,花呗                  ,11,交易成功                ,生活服务                ,"2022042922001467731432946766	","46511929117232153567736	",2022/4/29 8:41
支出                  ,水果店                 ,151******55         ,收钱码收款               ,花呗                  ,11,交易成功                ,餐饮美食                ,"2022042822001467731432148959	","46511400402232153567736	",2022/4/28 18:00
支出                  ,贵州财经大学              ,139***@163.com      ,19#_餐费支出            ,花呗                  ,21.17,交易成功                ,教育培训                ,"2022042822001467731432396618	","2204281729187586250 	",2022/4/28 17:29
支出                  ,智慧商圈                ,                    ,贵安新区竹香园超市_食堂_一号收银台  ,花呗                  ,14,交易成功                ,餐饮美食                ,"2022042822001467731431303902	","811266000048180000130285705822122042809072102523	",2022/4/28 9:07
支出                  ,SkyMart时开           ,                    ,SkyMart时开(中大国际店)（确认码2147）,花呗                  ,9.5,交易成功                ,日用百货                ,"2022042722001467731431011228	","87126600004836000083620220427364966209	",2022/4/27 8:14
支出                  ,个体穆文林袁记豆腐块售卖贵阳万江路店  ,                    ,袁记豆腐块               ,中国农业银行信用卡(8765)     ,6,交易成功                ,餐饮美食                ,"2022042622001467731430673566	","8112660000482200017895159602964125	",2022/4/26 19:06
支出                  ,商户谭燕                ,                    ,商户谭燕                ,中国农业银行信用卡(8765)     ,4,交易成功                ,日用百货                ,"2022042622001467731430513004	","622017092208872157240204101287000052204260295216	",2022/4/26 19:03
支出                  ,贵州一树连锁药业有限公司        ,                    ,AlipayNGYZ-9165097093081358388712322,花呗                  ,29.3,交易成功                ,医疗健康                ,"2022042622001467731430307437	","11P2088921835610391W03_9165097093081358388712322	",2022/4/26 19:02
支出                  ,扫呗智慧校园              ,                    ,贵安新区竹香园超市_食堂_三食堂超市  ,花呗                  ,16,交易成功                ,餐饮美食                ,"2022042622001467731429789021	","691266000048180000125342226022722042612103814823	",2022/4/26 12:10
支出                  ,贵州财经大学              ,139***@163.com      ,花溪校区三食堂-2-03铜锅饭     ,花呗                  ,11.8,交易成功                ,教育培训                ,"2022042522001467731429254188	","2022042517560954861483	",2022/4/25 17:56
支出                  ,贵州财经大学              ,139***@163.com      ,花溪校区三食堂-2-03铜锅饭     ,花呗                  ,18,交易成功                ,教育培训                ,"2022042522001467731428824149	","2022042517544653461483	",2022/4/25 17:54
支出                  ,扫呗智慧校园              ,                    ,贵安新区竹香园超市_食堂_三食堂超市  ,花呗&刷脸优惠             ,5.74,交易成功                ,餐饮美食                ,"2022042522001467731428315699	","361266000048180000125342220422722042508571225605	",2022/4/25 8:57
支出                  ,何记小吃店               ,h39***@163.com      ,收钱码收款               ,花呗                  ,50,交易成功                ,餐饮美食                ,"2022042322001467731427809187	","16507030789232153567736	",2022/4/23 16:37
支出                  ,t***5               ,151******86         ,【现货】摩托车自行车头盔骑行车记录仪防抖潜水运动相机高清防水,中国建设银行储蓄卡(5842)     ,48,等待确认收货              ,日用百货                ,"2022042322001167731428126172	","T200P2590927273682494611	",2022/4/23 13:05
其他                  ,t***5               ,151******86         ,高清防水防抖运动DV摩托车自行车头盔骑行车记录仪潜水运动相机,                    ,38,交易关闭                ,日用百货                ,"2022042322001167731428000003	","T200P2590919029020494611	",2022/4/23 13:00
支出                  ,口留香包点               ,132******33         ,收钱码收款               ,花呗                  ,8,交易成功                ,餐饮美食                ,"2022042322001467731427775176	","16506827324232153567736	",2022/4/23 10:58
支出                  ,枫林便利店张国庆            ,                    ,枫林便利店张国庆            ,中国农业银行信用卡(8765)     ,4,交易成功                ,日用百货                ,"2022042222001467731426989415	","44201703270643355533232160000001492204221744299681	",2022/4/22 17:44
支出                  ,北京卡路里科技有限公司         ,kee***@gotokeep.com ,连续包月                ,中国农业银行信用卡(8765)     ,19,交易成功                ,文化休闲                ,"2022042222001467731426847562	","1517343834644398080 	",2022/4/22 11:37
支出                  ,饿了么                 ,e50***@alibaba-inc.com,杨记遵义豆花面外卖订单         ,中国农业银行信用卡(8765)     ,52.5,交易成功                ,餐饮美食                ,"2022042122001167731426618308	","11180600722042195073999146599	",2022/4/21 18:08
支出                  ,贵阳云岩朱叶粉面馆           ,                    ,贵阳云岩朱叶粉面馆           ,中国农业银行信用卡(8765)     ,17,交易成功                ,餐饮美食                ,"2022042122001467731425809360	","35201703270643355539230100000299392204211238389865	",2022/4/21 12:38
支出                  ,喜马拉雅FM              ,das***@ximalaya.com ,喜马拉雅-订单编号:202204214001407004389070608,中国农业银行信用卡(8765)     ,18,交易成功                ,文化休闲                ,"2022042122001467731426233762	","2022042111289601650511688938708	",2022/4/21 11:28
支出                  ,云岩区土坛子食府餐饮店         ,                    ,云岩区土坛子食府餐饮店-消费      ,中国农业银行信用卡(8765)     ,380,交易成功                ,餐饮美食                ,"2022042022001467731424679680	","21P2088721085226061W03_0320220420002869753934	",2022/4/20 20:24
支出                  ,佰佳生鲜超市黄山冲店          ,                    ,佰佳生鲜超市黄山冲店          ,花呗                  ,14,交易成功                ,日用百货                ,"2022042022001467731424768534	","111266000048270000HMP2204200002501425004331008	",2022/4/20 19:09
支出                  ,安顺屯堡特色烤小肠           ,189******86         ,收钱码收款               ,花呗                  ,110,交易成功                ,餐饮美食                ,"2022042022001467731425731762	","16504519478232153567736	",2022/4/20 18:52
支出                  ,麒麟便利店               ,                    ,贵阳云岩麒麟便利店枫林分店       ,花呗                  ,18.5,交易成功                ,日用百货                ,"2022042022001467731424600081	","871266000048180000185152924822122042018043504750	",2022/4/20 18:04
支出                  ,贵州林客科技有限公司          ,                    ,罗定松:贵AUV863         ,中国农业银行信用卡(8765)     ,12,交易成功                ,商业服务                ,"2022042022001467731424685571	","021266000048210001220420111121241467	",2022/4/20 16:29
支出                  ,贵州财经大学              ,139***@163.com      ,花溪校区二食堂-1-01手抓饼     ,花呗                  ,8,交易成功                ,教育培训                ,"2022041922001467731423826517	","2022041917574645369777	",2022/4/19 17:57
支出                  ,肯德基(腾达餐厅)           ,cdu***@yum.com      ,1品牌CDU055门店当面付消费    ,花呗                  ,9,交易成功                ,餐饮美食                ,"2022041622001467731421503617	","CDU055-20220416-C0015-1650072340	",2022/4/16 9:25
支出                  ,贵阳喜众链企业管理咨询有限公司     ,                    ,贵阳喜众链企业管理咨询有限公司     ,花呗                  ,5,交易成功                ,餐饮美食                ,"2022041122001467731416884928	","34126600004802000020220411193440107233934611	",2022/4/11 19:34
其他                  ,花呗                  ,                    ,主动还款-花呗2022年04月账单   ,中国建设银行储蓄卡(5842)     ,390.1,还款成功                ,信用借还                ,"2022041029020841730139704695	","                    	",2022/4/10 10:08
其他                  ,花呗                  ,                    ,花呗自动还款              ,                    ,390.1,还款失败                ,信用借还                ,"2022041029020848730140942287	","                    	",2022/4/10 9:48
其他                  ,花呗                  ,                    ,花呗自动还款              ,                    ,390.1,还款失败                ,信用借还                ,"2022040929020848730140846921	","                    	",2022/4/9 17:19
支出                  ,*朝福                 ,187******09         ,收钱码收款               ,花呗                  ,16,交易成功                ,生活服务                ,"2022040922001467731415400459	","46494764253232153567736	",2022/4/9 11:53
支出                  ,滴滴出行                ,chu***@didichuxing.com,滴滴快车-万师傅-04月09日行程   ,中国农业银行信用卡(8765)     ,17.71,交易成功                ,交通出行                ,"2022040922001467731415206275	","210_202204098767171701060480	",2022/4/9 9:14
其他                  ,花呗                  ,                    ,花呗自动还款              ,                    ,390.1,还款失败                ,信用借还                ,"2022040929020848730137886419	","                    	",2022/4/9 8:46
支出                  ,肯德基(观山东路餐厅)         ,cdu***@yum.com      ,KFC_PREAF10012087477544400715966,中国农业银行信用卡(8765)     ,29,交易成功                ,餐饮美食                ,"2022040822001467731413768009	","AF10012087477544400715966	",2022/4/8 8:38
支出                  ,肯德基(观山东路餐厅)         ,cdu***@yum.com      ,KFC_PREAF10012087249751754994100,中国农业银行信用卡(8765)     ,40,交易成功                ,餐饮美食                ,"2022040722001467731413382559	","AF10012087249751754994100	",2022/4/7 17:37
支出                  ,云岩区廖丹小吃服务店          ,                    ,撸一把烧烤-消费            ,中国农业银行信用卡(8765)     ,8,交易成功                ,餐饮美食                ,"2022040622001467731411353968	","30P2088721085226061W03_0120220406002789772179	",2022/4/6 8:43
支出                  ,枫林便利店张国庆            ,                    ,枫林便利店张国庆            ,中国农业银行信用卡(8765)     ,30,交易成功                ,日用百货                ,"2022040522001467731410430563	","83201703270643355533232160000001492204051021189959	",2022/4/5 10:21
支出                  ,智慧商圈                ,                    ,贵安新区竹香园超市一号收银台      ,花呗                  ,11,交易成功                ,餐饮美食                ,"2022040422001467731409713673	","571266000048180000130285701422122040418315018521	",2022/4/4 18:31
支出                  ,贵州财经大学              ,139***@163.com      ,19#_餐费支出            ,花呗                  ,10,交易成功                ,教育培训                ,"2022040422001467731409434125	","2204041810348016200 	",2022/4/4 18:10
支出                  ,智慧商圈                ,                    ,贵安新区竹香园超市二号收银台      ,花呗                  ,13,交易成功                ,餐饮美食                ,"2022040422001467731409386663	","611266000048180000130284174622122040411552042011	",2022/4/4 11:55
支出                  ,云岩区土坛子食府餐饮店         ,                    ,云岩区土坛子食府餐饮店-消费      ,中国农业银行信用卡(8765)     ,220,交易成功                ,餐饮美食                ,"2022040322001467731408559315	","20P2088721085226061W03_0120220403002782491939	",2022/4/3 20:04
其他                  ,云岩区土坛子食府餐饮店         ,                    ,云岩区土坛子食府餐饮店-消费      ,                    ,230,交易关闭                ,餐饮美食                ,"2022040322001467731408039275	","30P2088721085226061W03_0920220403002777336335	",2022/4/3 20:01
支出                  ,智慧商圈                ,                    ,贵安新区竹香园超市四号收银台      ,花呗                  ,13,交易成功                ,餐饮美食                ,"2022040222001467731408067496	","891266000048180000130285595222122040218572152027	",2022/4/2 18:57
支出                  ,贵阳云岩勇惠贰壹便利店         ,                    ,test12106932320549076182644888,花呗                  ,9,交易成功                ,日用百货                ,"2022040122001467731407125627	","64126600000105000212106932320549076182644888	",2022/4/1 18:26
支出                  ,云岩区廖丹小吃服务店          ,                    ,撸一把烧烤-消费            ,中国农业银行信用卡(8765)     ,8,交易成功                ,餐饮美食                ,"2022040122001467731406588481	","30P2088721085226061W03_0520220401002769414513	",2022/4/1 8:42
支出                  ,美美(*美)              ,159******20         ,转账                  ,中国建设银行储蓄卡(5842)     ,30,交易成功                ,转账红包                ,"20220331200040011100730041212383	","                    	",2022/3/31 16:34
支出                  ,SkyMart时开           ,                    ,SkyMart时开(中大国际店)（确认码8297）,花呗                  ,22,交易成功                ,日用百货                ,"2022033022001467731404814582	","26126600004836000083620220330334056415	",2022/3/30 17:04
支出                  ,行呗停车                ,yua***@reformer.com.cn,中大国际停车场_贵A33882_2022-03-29 16:42:52,中国农业银行信用卡(8765)     ,4,交易成功                ,爱车养车                ,"2022032922001467731403724817	","20220329171402142170	",2022/3/29 17:14
支出                  ,滴滴出行                ,chu***@didichuxing.com,滴滴快车-何师傅-03月26日行程   ,中国农业银行信用卡(8765)     ,17.71,交易成功                ,交通出行                ,"2022032922001467731403750261	","210_202203298526092001952608	",2022/3/29 14:20
支出                  ,枫林便利店张国庆            ,                    ,枫林便利店张国庆            ,中国农业银行信用卡(8765)     ,6,交易成功                ,日用百货                ,"2022032922001467731403463411	","24201703270643355533232160000001492203290955083593	",2022/3/29 9:55
支出                  ,贵州财经大学              ,139***@163.com      ,花溪校区二食堂-2-20豆花面     ,花呗                  ,13,交易成功                ,教育培训                ,"2022032822001467731402935006	","2022032817390116160720	",2022/3/28 17:39
支出                  ,智慧商圈                ,                    ,贵安新区竹香园超市一号收银台      ,花呗                  ,3,交易成功                ,餐饮美食                ,"2022032822001467731402901940	","981266000048180000130285700622122032817363131041	",2022/3/28 17:36
支出                  ,扫呗智慧校园              ,                    ,贵安新区竹香园超市三食堂超市      ,花呗                  ,11,交易成功                ,餐饮美食                ,"2022032822001467731402138727	","001266000048180000125340865722122032808552721887	",2022/3/28 8:55
支出                  ,贵州财经大学              ,139***@163.com      ,花溪校区三食堂-1-05遵义风味    ,花呗                  ,1,交易成功                ,教育培训                ,"2022032822001467731402023129	","2022032808461827261504	",2022/3/28 8:46
支出                  ,烽烽平价店               ,                    ,烽烽平价店               ,中国农业银行信用卡(8765)     ,10,交易成功                ,餐饮美食                ,"2022032722001467731402022883	","422017092208872157240259930922000032203270006276	",2022/3/27 17:06
支出                  ,贵阳君晟物业管理有限公司        ,jsw***@jzdr.net     ,停车费【贵A33882，2022/03/27 09:03:14】,花呗                  ,9,交易成功                ,住房物业                ,"2022032722001467731401891117	","20220327121146EC8968997660C785	",2022/3/27 12:11
支出                  ,刀削面                 ,182******42         ,收钱码收款               ,中国建设银行储蓄卡(5842)     ,12,交易成功                ,餐饮美食                ,"2022032722001467731401534108	","46483514477232153567736	",2022/3/27 11:24
支出                  ,小米移动                ,zfb***@xiaomi.com   ,小米科技5220325263647325号订单,中国农业银行信用卡(8765)     ,169,交易成功                ,数码电器                ,"2022032522001467731400481850	","21648202397310910951	",2022/3/25 18:00
支出                  ,沁园Qbakery(医科大学店)    ,xin***@swirebakery.com,医科大学-条码支付           ,花呗                  ,22,交易成功                ,餐饮美食                ,"2022032522001467731400944291	","21220325152724022499	",2022/3/25 15:27
支出                  ,贵州一树连锁药业有限公司        ,                    ,AlipayNGYZ-9164818423645008052141103,花呗                  ,46.8,交易成功                ,医疗健康                ,"2022032522001467731400298779	","21P2088921835610391W03_9164818423645008052141103	",2022/3/25 12:57
支出                  ,贵阳云岩朱叶粉面馆           ,                    ,贵阳云岩朱叶粉面馆           ,中国农业银行信用卡(8765)     ,19,交易成功                ,餐饮美食                ,"2022032522001467731400129709	","75201703270643355539230100000299392203251250417141	",2022/3/25 12:50
支出                  ,麒麟便利店               ,                    ,贵阳云岩麒麟便利店枫林分店       ,花呗                  ,8.9,交易成功                ,日用百货                ,"2022032422001467731459366951	","251266000048180000185152926122122032416361416762	",2022/3/24 16:36
支出                  ,北京卡路里科技有限公司         ,kee***@gotokeep.com ,连续包月                ,中国农业银行信用卡(8765)     ,19,交易成功                ,文化休闲                ,"2022032222001467731457968909	","1506109698156302336 	",2022/3/22 11:28
支出                  ,智慧商圈                ,                    ,贵安新区竹香园超市二号收银台      ,花呗                  ,6,交易成功                ,餐饮美食                ,"2022032122001467731456482550	","591266000048180000130284176422122032118213118867	",2022/3/21 18:21
支出                  ,贵州财经大学              ,139***@163.com      ,花溪校区二食堂-2-20豆花面     ,花呗                  ,13,交易成功                ,教育培训                ,"2022032122001467731457482074	","2022032117462521660720	",2022/3/21 17:46
支出                  ,智慧商圈                ,                    ,贵安新区竹香园超市一号收银台      ,花呗                  ,11,交易成功                ,餐饮美食                ,"2022032122001467731457127180	","651266000048180000130285704622122032112182321136	",2022/3/21 12:18
支出                  ,喜马拉雅FM              ,das***@ximalaya.com ,VIP会员               ,中国农业银行信用卡(8765)     ,18,交易成功                ,文化休闲                ,"2022032122001467731457127160	","2022032111269601647833188368909	",2022/3/21 11:26
支出                  ,麒麟便利店               ,                    ,贵阳云岩麒麟便利店枫林分店       ,花呗                  ,9,交易成功                ,日用百货                ,"2022032022001467731456012498	","501266000048180000185152929922122032016264814245	",2022/3/20 16:26
支出                  ,贵阳君晟物业管理有限公司        ,jsw***@jzdr.net     ,停车费【贵A33882，2022/03/20 10:03:27】,花呗                  ,6,交易成功                ,住房物业                ,"2022032022001467731455701149	","202203201209075620AB2CE8FA5442	",2022/3/20 12:09
支出                  ,刀削面                 ,182******42         ,收钱码收款               ,中国建设银行储蓄卡(5842)     ,12,交易成功                ,餐饮美食                ,"2022032022001467731456328354	","46477459160232153567736	",2022/3/20 11:11
支出                  ,长运加油站               ,                    ,OilPriceSN48973743446432,中国农业银行信用卡(8765)     ,580,交易成功                ,爱车养车                ,"2022032022001467731455266714	","60126600004947100020122032038318536557	",2022/3/20 10:30
支出                  ,源来如此便利1             ,                    ,壹佰家生活超市(公司仓库)（确认码4373）,花呗                  ,1,交易成功                ,日用百货                ,"2022031922001467731455285912	","61126600004833000301032203191150741984673MC	",2022/3/19 11:50
支出                  ,源来如此便利1             ,                    ,壹佰家生活超市(公司仓库)（确认码1000）,花呗                  ,3,交易成功                ,日用百货                ,"2022031922001467731455635449	","61126600004833000301032203191147741974395MC	",2022/3/19 11:47
支出                  ,源来如此便利1             ,                    ,壹佰家生活超市(公司仓库)（确认码3967）,花呗                  ,3,交易成功                ,日用百货                ,"2022031922001467731455296020	","85126600004833000301032203190916741538767MC	",2022/3/19 9:16
支出                  ,滴滴出行                ,chu***@didichuxing.com,滴滴快车-龙师傅-03月19日行程   ,中国农业银行信用卡(8765)     ,16.58,交易成功                ,交通出行                ,"2022031922001467731455271360	","210_202203194780772901732644	",2022/3/19 9:14
支出                  ,王琴                  ,                    ,王琴                  ,中国农业银行信用卡(8765)     ,21,交易成功                ,文化休闲                ,"2022031822001467731455401495	","692017092208872157240206038116000042203180099182	",2022/3/18 18:20
支出                  ,勇惠华亿大厦店             ,137******44         ,勇惠便利12108032287312140164830134,花呗                  ,14,交易成功                ,餐饮美食                ,"2022031822001467731455080234	","12108032287312140164830134	",2022/3/18 16:48
支出                  ,肯德基(观山东路餐厅)         ,cdu***@yum.com      ,KFC_PREAF10012079865679618388365,中国农业银行信用卡(8765)     ,19,交易成功                ,餐饮美食                ,"2022031822001467731454243588	","AF10012079865679618388365	",2022/3/18 8:30
支出                  ,个体穆文林袁记豆腐块售卖贵阳万江路店  ,                    ,袁记豆腐块               ,中国农业银行信用卡(8765)     ,6,交易成功                ,餐饮美食                ,"2022031722001467731453755314	","7712660000482200017895359009523840	",2022/3/17 18:27
支出                  ,贵州一树连锁药业有限公司        ,                    ,AlipayNGYZ-9164751245655367458251377,花呗                  ,28.8,交易成功                ,医疗健康                ,"2022031722001467731454427131	","10P2088921835610391W03_9164751245655367458251377	",2022/3/17 18:20
支出                  ,云岩区廖丹小吃服务店          ,                    ,撸一把烧烤-消费            ,中国农业银行信用卡(8765)     ,6,交易成功                ,餐饮美食                ,"2022031722001467731453492702	","20P2088721085226061W03_1120220317002720144894	",2022/3/17 8:33
支出                  ,云岩区廖丹小吃服务店          ,                    ,撸一把烧烤-消费            ,中国农业银行信用卡(8765)     ,6,交易成功                ,餐饮美食                ,"2022031622001467731452953271	","11P2088721085226061W03_0920220316002718454472	",2022/3/16 8:38
支出                  ,贵州一树连锁药业有限公司        ,                    ,AlipayNGYZ-9164733806217907242362511,花呗                  ,93.6,交易成功                ,医疗健康                ,"2022031522001467731451332786	","20P2088921835610391W03_9164733806217907242362511	",2022/3/15 17:54
支出                  ,云岩区廖丹小吃服务店          ,                    ,撸一把烧烤-消费            ,中国农业银行信用卡(8765)     ,6,交易成功                ,餐饮美食                ,"2022031522001467731451476917	","20P2088721085226061W03_0120220315002720171747	",2022/3/15 8:50
支出                  ,贵州财经大学              ,139***@163.com      ,花溪校区三食堂-1-16营养早餐    ,花呗                  ,3.5,交易成功                ,教育培训                ,"2022031422001467731451397145	","2022031417161549969773	",2022/3/14 17:16
支出                  ,贵州财经大学              ,139***@163.com      ,花溪校区三食堂-1-05遵义风味    ,花呗                  ,9,交易成功                ,教育培训                ,"2022031422001467731450329014	","2022031417090445861504	",2022/3/14 17:09
支出                  ,友宝售货机(可网可咖网络大厅1)    ,ali***@uboxol.com   ,康师傅喝开水550ml         ,花呗                  ,2,交易成功                ,餐饮美食                ,"2022031422001467731450392325	","1611202203145518704102420300	",2022/3/14 15:19
支出                  ,扫呗智慧校园              ,                    ,贵安新区竹香园超市三食堂超市      ,花呗                  ,13,交易成功                ,餐饮美食                ,"2022031422001467731450806215	","271266000048180000125340864622122031408432618245	",2022/3/14 8:43
支出                  ,枫林便利店张国庆            ,                    ,枫林便利店张国庆            ,中国农业银行信用卡(8765)     ,6,交易成功                ,日用百货                ,"2022031322001467731450320779	","96201703270643355533232160000001492203131221123415	",2022/3/13 12:21
支出                  ,刀削面                 ,182******42         ,收钱码收款               ,中国建设银行储蓄卡(5842)     ,12,交易成功                ,餐饮美食                ,"2022031322001467731449907289	","46471407872232153567736	",2022/3/13 11:06
支出                  ,贵阳观山湖乐辉便利店一分店       ,                    ,贵阳观山湖乐辉便利店一分店       ,中国农业银行信用卡(8765)     ,3,交易成功                ,日用百货                ,"2022031322001467731450334538	","322017092208872157240205000142000082203130250487	",2022/3/13 10:17
支出                  ,麒麟便利店               ,                    ,贵阳云岩麒麟便利店枫林分店       ,花呗                  ,11,交易成功                ,日用百货                ,"2022031222001467731449119892	","981266000048180000185152927822122031218155015373	",2022/3/12 18:15
支出                  ,凯辉便利(市府路3店)         ,181******60         ,10309市府路3店          ,花呗                  ,24.5,交易成功                ,其他                  ,"2022031222001467731449130115	","10309220312114641   	",2022/3/12 11:46
支出                  ,滴滴出行                ,chu***@didichuxing.com,滴滴快车-李师傅-03月12日行程   ,中国农业银行信用卡(8765)     ,17.23,交易成功                ,交通出行                ,"2022031222001467731449344626	","210_202203129316739401260114	",2022/3/12 9:18
支出                  ,滴滴出行                ,chu***@didichuxing.com,滴滴快车-张师傅-03月05日行程   ,中国农业银行信用卡(8765)     ,16.58,交易成功                ,交通出行                ,"2022031222001467731449660629	","210_202203127523381801345524	",2022/3/12 8:55
其他                  ,花呗                  ,                    ,主动还款-花呗2022年03月账单   ,中国建设银行储蓄卡(5842)     ,997.19,还款成功                ,信用借还                ,"2022031129020841730186660088	","                    	",2022/3/11 21:08
支出                  ,贵阳市马应全出租车           ,                    ,贵阳市金久通出租车           ,中国农业银行信用卡(8765)     ,21,交易成功                ,交通出行                ,"2022031122001467731449192352	","63106600004857000220220311185100131902	",2022/3/11 18:51
支出                  ,王琴                  ,                    ,王琴                  ,中国农业银行信用卡(8765)     ,24,交易成功                ,文化休闲                ,"2022031122001467731449288713	","172017092208872157240206038116000012203110099946	",2022/3/11 18:19
其他                  ,花呗                  ,                    ,花呗自动还款              ,                    ,997.19,还款失败                ,信用借还                ,"2022031129020848730186538953	","                    	",2022/3/11 16:54
其他                  ,花呗                  ,                    ,花呗自动还款              ,                    ,997.19,还款失败                ,信用借还                ,"2022031129020848730185659209	","                    	",2022/3/11 9:55
其他                  ,花呗                  ,                    ,花呗自动还款              ,                    ,997.19,还款失败                ,信用借还                ,"2022031029020848730185052621	","                    	",2022/3/10 19:12
其他                  ,花呗                  ,                    ,花呗自动还款              ,                    ,997.19,还款失败                ,信用借还                ,"2022031029020848730182782752	","                    	",2022/3/10 8:37
其他                  ,花呗                  ,                    ,花呗自动还款              ,                    ,997.19,还款失败                ,信用借还                ,"2022030929020848730183502190	","                    	",2022/3/9 19:09
其他                  ,花呗                  ,                    ,花呗自动还款              ,                    ,997.19,还款失败                ,信用借还                ,"2022030929020848730181901927	","                    	",2022/3/9 13:04
支出                  ,扫呗智慧校园              ,                    ,贵安新区竹香园超市二食堂超市      ,中国农业银行信用卡(8765)     ,7,交易成功                ,餐饮美食                ,"2022030922001467731446289396	","901266000048180000125337544622122030911564143132	",2022/3/9 11:56
支出                  ,农科院停车场李蓬勃           ,                    ,农科院停车场李蓬勃           ,中国建设银行储蓄卡(5842)     ,2,交易成功                ,爱车养车                ,"2022030922001467731447192139	","54201703270643355539230700000041142203091104217380	",2022/3/9 11:04
支出                  ,扫呗智慧校园              ,                    ,贵安新区竹香园超市二食堂超市      ,中国农业银行信用卡(8765)     ,4,交易成功                ,餐饮美食                ,"2022030722001467731443953314	","661266000048180000125337548622122030715335312617	",2022/3/7 15:33
支出                  ,罗文麒麟便利店             ,                    ,70麒麟便利店             ,中国农业银行信用卡(8765)     ,2,交易成功                ,日用百货                ,"2022030622001467731443587123	","622019112269376590SIIP0720220306497879072768	",2022/3/6 18:16
支出                  ,贵州一树连锁药业有限公司        ,                    ,AlipayNGYZ-9164656162985973582141193,中国农业银行信用卡(8765)     ,93.6,交易成功                ,医疗健康                ,"2022030622001467731443965563	","11P2088921835610391W03_9164656162985973582141193	",2022/3/6 18:13
支出                  ,凯辉便利(万江路店)          ,181******60         ,10317万江路店           ,花呗                  ,2,交易成功                ,其他                  ,"2022030622001467731443591432	","10317220306180823   	",2022/3/6 18:08
支出                  ,贵州一树连锁药业有限公司        ,                    ,AlipayNGYZ-9164653341064845928032890,中国农业银行信用卡(8765)     ,28.5,交易成功                ,医疗健康                ,"2022030622001467731443533351	","30P2088921835610391W03_9164653341064845928032890	",2022/3/6 10:23
支出                  ,贵州一品药业连锁有限公司        ,                    ,贵州一品药业连锁有限公司-一品169分店-扫码付,中国农业银行信用卡(8765)     ,45,交易成功                ,医疗健康                ,"2022030622001467731442837488	","10P2088621550880654W03_20220306086330936	",2022/3/6 10:20
支出                  ,麒麟便利店               ,                    ,贵阳云岩麒麟便利店枫林分店       ,中国农业银行信用卡(8765)     ,17.4,交易成功                ,日用百货                ,"2022030622001467731443520830	","831266000048180000185152925222122030610163506715	",2022/3/6 10:16
支出                  ,李龙江＆樱之爱贵州代理         ,136******07         ,收钱码收款               ,中国建设银行储蓄卡(5842)     ,16,交易成功                ,商业服务                ,"2022030522001467731443461393	","16464535111232153567736	",2022/3/5 12:11
支出                  ,肯德基(腾达餐厅)           ,cdu***@yum.com      ,KFC_PREAF10012075181522090000384,中国农业银行信用卡(8765)     ,18,交易成功                ,餐饮美食                ,"2022030522001467731442892511	","AF10012075181522090000384	",2022/3/5 9:50
支出                  ,我爱你。中国              ,135******44         ,收钱码收款               ,中国建设银行储蓄卡(5842)     ,19,交易成功                ,爱车养车                ,"2022030422001467731442529578	","46463917543232153567736	",2022/3/4 19:02
支出                  ,勇惠华亿大厦店             ,137******44         ,勇惠便利12108192251430129183106858,中国农业银行信用卡(8765)     ,21.5,交易成功                ,餐饮美食                ,"2022030422001467731441910668	","12108192251430129183106858	",2022/3/4 18:31
支出                  ,中石化贵阳中曹加油站          ,                    ,中石化贵阳中曹加油站          ,中国农业银行信用卡(8765)     ,585,交易成功                ,爱车养车                ,"2022030422001467731441857594	","092017092208872157240255410358000022203040099596	",2022/3/4 9:44
支出                  ,中国石化销售股份有限公司贵州贵阳石油分公,gyz***@sinopec.com  ,站级支付                ,中国农业银行信用卡(8765)     ,7,交易成功                ,爱车养车                ,"2022030422001467731441138404	","00600949240406053433344	",2022/3/4 9:42
支出                  ,9ji                 ,                    ,九机网_22403847        ,中国农业银行信用卡(8765)     ,129,交易成功                ,数码电器                ,"2022030322001467731440841132	","6112660000481610001499212500481359872N	",2022/3/3 10:38
支出                  ,小米移动                ,zfb***@xiaomi.com   ,小米科技5220303457900480号订单,中国农业银行信用卡(8765)     ,129,交易成功                ,数码电器                ,"2022030322001467731441497273	","21646264204302741511	",2022/3/3 7:36
支出                  ,云岩区廖丹小吃服务店          ,                    ,撸一把烧烤-消费            ,中国农业银行信用卡(8765)     ,6,交易成功                ,餐饮美食                ,"2022030222001467731439877068	","21P2088721085226061W03_0720220302002723642670	",2022/3/2 8:56
支出                  ,凡秀造型                ,                    ,凡秀造型-消费             ,中国农业银行信用卡(8765)     ,38,交易成功                ,美容美发                ,"2022022822001467731439043185	","21P2088721085226061W03_0520220228002667271650	",2022/2/28 19:52
支出                  ,扫呗智慧校园              ,                    ,贵安新区竹香园超市二食堂超市      ,花呗                  ,5,交易成功                ,餐饮美食                ,"2022022822001467731438941534	","901266000048180000125336406422122022817471840795	",2022/2/28 17:47
支出                  ,贵州财经大学              ,139***@163.com      ,13#_餐费支出            ,中国建设银行储蓄卡(5842)     ,9,交易成功                ,教育培训                ,"2022022822001467731439168382	","220228173553399160  	",2022/2/28 17:35
支出                  ,扫呗智慧校园              ,                    ,贵安新区竹香园超市二食堂超市      ,花呗                  ,7,交易成功                ,餐饮美食                ,"2022022822001467731438981695	","981266000048180000125336405122122022815450717285	",2022/2/28 15:45
支出                  ,ECONOMIST GBR《经济学人·商论》,ext***@stripe.com   ,GBR Yearly SO-0920  ,中国农业银行信用卡(8765)     ,299,交易成功                ,日用百货                ,"2022022722001467731437853243	","py_1KXmNgFWX5BOOXmBt363d3jC	",2022/2/27 21:01
支出                  ,肯德基(云岩益田)           ,cdu***@yum.com      ,云岩益田-CDU362         ,花呗                  ,15,交易成功                ,餐饮美食                ,"2022022722001467731437847968	","CDU362-20220227-K1046-339800	",2022/2/27 16:24
支出                  ,肯德基(腾达餐厅)           ,cdu***@yum.com      ,KFC_PREAF10012072659662579945472,中国农业银行信用卡(8765)     ,29,交易成功                ,餐饮美食                ,"2022022622001467731436604530	","AF10012072659662579945472	",2022/2/26 10:49
支出                  ,王全应                 ,                    ,王全应                 ,中国农业银行信用卡(8765)     ,10,交易成功                ,数码电器                ,"2022022422001467731435197402	","182017092208872157240252510871000062202240408075	",2022/2/24 16:47
支出                  ,贵州一品药业连锁有限公司        ,                    ,贵州一品药业连锁有限公司-一品169分店-扫码付,花呗                  ,59.5,交易成功                ,医疗健康                ,"2022022422001467731434736783	","21P2088621550880654W03_20220224084609049	",2022/2/24 9:18
支出                  ,佰佳生鲜超市黄山冲店          ,                    ,佰佳生鲜超市黄山冲店          ,花呗                  ,2,交易成功                ,日用百货                ,"2022022422001467731435134650	","741266000048270000HMP2202240002420632748478464	",2022/2/24 9:15
支出                  ,云岩区廖丹小吃服务店          ,                    ,撸一把烧烤-消费            ,中国农业银行信用卡(8765)     ,6,交易成功                ,餐饮美食                ,"2022022422001467731433756480	","30P2088721085226061W03_0320220224002679923764	",2022/2/24 8:46
支出                  ,枫林便利店张国庆            ,                    ,枫林便利店张国庆            ,中国农业银行信用卡(8765)&红包  ,5.97,交易成功                ,日用百货                ,"2022022322001467731434713510	","95201703270643355533232160000001492202231704148989	",2022/2/23 17:04
支出                  ,韦小燕                 ,                    ,个体工商户韦小燕            ,中国农业银行信用卡(8765)     ,300,交易成功                ,餐饮美食                ,"2022022222001467731433875574	","672019112269376590SIIP0320220222090105389056	",2022/2/22 21:10
支出                  ,贵州劲元素体育文化有限公司       ,                    ,贵州劲元素体育文化有限公司       ,中国农业银行信用卡(8765)     ,3,交易成功                ,文化休闲                ,"2022022222001467731433734798	","182017092208872157240252010326000072202220229257	",2022/2/22 18:10
支出                  ,贵州一品药业连锁有限公司        ,                    ,贵州一品药业连锁有限公司-一品577分店-扫码付,花呗                  ,10,交易成功                ,医疗健康                ,"2022022022001467731431367124	","21P2088621550880654W03_20220220084068869	",2022/2/20 16:31
支出                  ,24客便利店              ,fyq***@24ke.store   ,贵州悠悠24客-消费          ,花呗                  ,7,交易成功                ,日用百货                ,"2022022022001467731431357754	","1322220220163115    	",2022/2/20 16:31
支出                  ,枫林便利店张国庆            ,                    ,枫林便利店张国庆            ,中国农业银行信用卡(8765)     ,6,交易成功                ,日用百货                ,"2022022022001467731431418489	","33201703270643355533232160000001492202201238179090	",2022/2/20 12:38
支出                  ,勇惠便利                ,137******44         ,勇惠便利12105532218174187142950432,花呗                  ,6.5,交易成功                ,日用百货                ,"2022021922001467731429813980	","12105532218174187142950432	",2022/2/19 14:29
支出                  ,北京卡路里科技有限公司         ,kee***@gotokeep.com ,连续包月首月优惠            ,中国农业银行信用卡(8765)     ,9,交易成功                ,文化休闲                ,"2022021922001467731431044833	","1494834537320607744 	",2022/2/19 8:41
支出                  ,梦梦儿                 ,151******02         ,收钱码收款               ,花呗                  ,16,交易成功                ,餐饮美食                ,"2022021822001467731430304820	","46451800431232153567736	",2022/2/18 18:27
支出                  ,喜马拉雅FM              ,das***@ximalaya.com ,VIP会员               ,中国农业银行信用卡(8765)     ,18,交易成功                ,文化休闲                ,"2022021822001467731429813396	","2022021811329601645155134684838	",2022/2/18 11:32
支出                  ,肯德基(观山东路餐厅)         ,cdu***@yum.com      ,KFC_PREAF10012069734455242874880,中国农业银行信用卡(8765)     ,18,交易成功                ,餐饮美食                ,"2022021822001467731429733347	","AF10012069734455242874880	",2022/2/18 9:05
支出                  ,麒麟便利店               ,                    ,贵阳云岩麒麟便利店枫林分店       ,花呗                  ,3,交易成功                ,日用百货                ,"2022021722001467731428966479	","851266000048180000185152925022122021709082201679	",2022/2/17 9:08
支出                  ,中科富创（北京）科技有限公司      ,zho***@126.com      ,扫码-取件费用支付           ,中国农业银行信用卡(8765)     ,0.5,交易成功                ,生活服务                ,"2022021522001467731427416534	","2022021500021344    	",2022/2/15 16:53
支出                  ,杭州联科美讯生物医药技术有限公司    ,778***@dxy.com      ,丁香医生-发起提问           ,中国农业银行信用卡(8765)     ,260,交易成功                ,医疗健康                ,"2022021322001467731426408993	","1644764264470193320 	",2022/2/13 22:57
支出                  ,杭州联科美讯生物医药技术有限公司    ,778***@dxy.com      ,丁香医生-发起提问           ,花呗                  ,260,交易成功                ,医疗健康                ,"2022021322001467731426430018	","1644758910354781346 	",2022/2/13 21:28
其他                  ,杭州联科美讯生物医药技术有限公司    ,778***@dxy.com      ,退款-丁香医生-发起提问        ,花呗                  ,35,退款成功                ,退款                  ,"2022021322001467731426276452_1644758461396618384	","1644758408014974855 	",2022/2/13 21:21
支出                  ,杭州联科美讯生物医药技术有限公司    ,778***@dxy.com      ,丁香医生-发起提问           ,花呗                  ,35,交易关闭                ,医疗健康                ,"2022021322001467731426276452	","1644758408014974855 	",2022/2/13 21:20
支出                  ,银川好大夫互联网医院有限公司      ,hdf***@haodf.com    ,好大夫在线 - 图文问诊        ,花呗                  ,150,交易成功                ,医疗健康                ,"2022021322001467731426276448	","8100549217_57       	",2022/2/13 21:03
支出                  ,顺丰速运                ,                    ,散单运费-顺丰速运           ,花呗                  ,44,交易成功                ,服饰装扮                ,"2022021322001467731426190120	","441266000048865840202202135608362178	",2022/2/13 15:56
支出                  ,云顶-停车场              ,                    ,停车场订单               ,花呗                  ,10,交易成功                ,爱车养车                ,"2022021222001467731425449720	","112017092208872157240207630398000512202120115684	",2022/2/12 13:52
支出                  ,北京高知图新教育科技有限公司      ,nea***@163.com      ,Neat Reader - 升级会员版（VIP）,花呗                  ,78,交易成功                ,其他                  ,"2022021122001467731425044328	","20220211210635-450  	",2022/2/11 21:07
支出                  ,喜马拉雅FM              ,das***@ximalaya.com ,单条付费声音购买            ,花呗                  ,2.49,交易成功                ,文化休闲                ,"2022021122001467731424396237	","2022021114409601644561635110396	",2022/2/11 14:40
支出                  ,杨记无声老素粉中大店          ,                    ,杨记无声老素粉中大店          ,花呗                  ,6,交易成功                ,餐饮美食                ,"2022021022001467731423314278	","322017052507338883ZPZ905378197535406810084627	",2022/2/10 8:46
支出                  ,个体穆文林袁记豆腐块售卖贵阳万江路店  ,                    ,袁记豆腐块               ,花呗                  ,15,交易成功                ,餐饮美食                ,"2022020922001467731423285907	","5312660000482200017895159820186972	",2022/2/9 18:34
支出                  ,家禾鲜超市               ,307***@qq.com       ,贵阳云岩家禾鲜生鲜超市-条码支付    ,花呗                  ,6.2,交易成功                ,日用百货                ,"2022020922001467731423352526	","21220209183316032410	",2022/2/9 18:33
支出                  ,SkyMart时开           ,                    ,SkyMart时开(中大国际店)（确认码8972）,花呗                  ,3,交易成功                ,日用百货                ,"2022020922001467731423218350	","20126600004836000083620220209320893218	",2022/2/9 15:24
其他                  ,花呗                  ,                    ,主动还款-花呗2022年02月账单   ,中国建设银行储蓄卡(5842)     ,86,还款成功                ,信用借还                ,"2022020929020841730132873181	","                    	",2022/2/9 14:35
其他                  ,花呗                  ,                    ,花呗自动还款              ,                    ,86,还款失败                ,信用借还                ,"2022020929020848730131541789	","                    	",2022/2/9 10:53
支出                  ,ZSC                 ,182******04         ,收钱码收款               ,花呗                  ,10,交易成功                ,生活服务                ,"2022020622001467731420696291	","16441449094232153567736	",2022/2/6 18:55
支出                  ,一颗污骚蛇               ,838***@qq.com       ,收钱码收款               ,花呗                  ,48,交易成功                ,家居家装                ,"2022020622001467731420744115	","46441426995232153567736	",2022/2/6 18:18
支出                  ,咯柔芙（益田店）            ,                    ,咯柔芙（益田店）            ,花呗                  ,16,交易成功                ,餐饮美食                ,"2022020622001467731420729112	","2820180330024764010461368603951284804001037	",2022/2/6 18:01
支出                  ,咯柔芙（益田店）            ,                    ,咯柔芙（益田店）            ,花呗                  ,36,交易成功                ,餐饮美食                ,"2022020622001467731420756722	","6020180330024764010461368603951258902001037	",2022/2/6 17:40
支出                  ,咯柔芙（益田店）            ,                    ,咯柔芙（益田店）            ,花呗                  ,10,交易成功                ,餐饮美食                ,"2022020622001467731420676810	","5820180330024764010461368603951240667501037	",2022/2/6 17:35
支出                  ,云岩区妙思手工作坊           ,                    ,云岩区妙思手工作坊           ,花呗                  ,58,交易成功                ,家居家装                ,"2022020622001467731420691893	","521266000048490000421055640911967495782401	",2022/2/6 16:45
支出                  ,云岩区妙思手工作坊           ,                    ,云岩区妙思手工作坊           ,花呗                  ,25,交易成功                ,家居家装                ,"2022020622001467731420655188	","391266000048490000421055639371147132928075	",2022/2/6 16:14
支出                  ,SkyMart时开           ,                    ,SkyMart时开(中建华府2店)（确认码4349）,花呗                  ,9.5,交易成功                ,日用百货                ,"2022020622001467731420623417	","09126600004836000083620220206653969136	",2022/2/6 15:45
支出                  ,滴滴出行                ,chu***@didichuxing.com,滴滴快车-刘师傅-01月28日行程   ,中国农业银行信用卡(8765)     ,24.73,交易成功                ,交通出行                ,"2022012822001467731414296462	","210_202201280374188801241341	",2022/1/28 17:27
支出                  ,南明区壹佰家生活超市          ,                    ,壹佰家生活超市(公司仓库)（确认码7339）,花呗                  ,3,交易成功                ,日用百货                ,"2022012822001467731413119197	","24126600004836000083620220128601400148	",2022/1/28 13:25
支出                  ,滴滴出行                ,chu***@didichuxing.com,滴滴快车-徐师傅-01月28日行程   ,中国农业银行信用卡(8765)     ,21.39,交易成功                ,交通出行                ,"2022012822001467731413641965	","210_202201284086081501286949	",2022/1/28 13:23
支出                  ,滴滴出行                ,chu***@didichuxing.com,滴滴快车-刘师傅-01月27日行程   ,中国农业银行信用卡(8765)     ,26.38,交易成功                ,交通出行                ,"2022012722001467731413378526	","210_202201270143306601939359	",2022/1/27 18:06
支出                  ,南明区壹佰家生活超市          ,                    ,壹佰家生活超市(公司仓库)（确认码4398）,花呗                  ,3,交易成功                ,日用百货                ,"2022012722001467731412870813	","44126600004836000083620220127333028527	",2022/1/27 13:56
支出                  ,滴滴出行                ,chu***@didichuxing.com,滴滴快车-杨师傅-01月27日行程   ,中国农业银行信用卡(8765)     ,22.51,交易成功                ,交通出行                ,"2022012722001467731413561518	","210_202201279146234001563933	",2022/1/27 13:55
支出                  ,滴滴出行                ,chu***@didichuxing.com,滴滴快车-程师傅-01月26日行程   ,中国农业银行信用卡(8765)     ,14.63,交易成功                ,交通出行                ,"2022012622001467731411464883	","210_202201263902896001512015	",2022/1/26 18:03
支出                  ,肯德基(腾达餐厅)           ,cdu***@yum.com      ,KFC_PREAF10012061503104623902720,花呗&支付宝随机立减          ,46,交易成功                ,餐饮美食                ,"2022012622001467731412018995	","AF10012061503104623902720	",2022/1/26 15:57
支出                  ,滴滴出行                ,chu***@didichuxing.com,滴滴快车-方师傅-01月26日行程   ,中国农业银行信用卡(8765)     ,18.57,交易成功                ,交通出行                ,"2022012622001467731412636475	","210_202201268302956401378621	",2022/1/26 14:00
支出                  ,滴滴出行                ,chu***@didichuxing.com,滴滴快车-李师傅-01月25日行程   ,中国农业银行信用卡(8765)     ,18.25,交易成功                ,交通出行                ,"2022012522001467731411675561	","210_202201254360563101964624	",2022/1/25 13:43
支出                  ,肯德基(腾达餐厅)           ,cdu***@yum.com      ,KFC_PREAF10012060678076307517440,花呗                  ,34,交易成功                ,餐饮美食                ,"2022012422001467731410196059	","AF10012060678076307517440	",2022/1/24 9:19
支出                  ,滴滴出行                ,chu***@didichuxing.com,滴滴快车-余师傅-01月24日行程   ,中国农业银行信用卡(8765)     ,25.98,交易成功                ,交通出行                ,"2022012422001467731410075186	","210_202201249425961401778877	",2022/1/24 9:15
支出                  ,滴滴出行                ,chu***@didichuxing.com,滴滴快车-李师傅-01月21日行程   ,中国农业银行信用卡(8765)     ,32.31,交易成功                ,交通出行                ,"2022012122001467731409098661	","210_202201210513129101796935	",2022/1/21 18:47
支出                  ,Kariers             ,str***@smbc-card.com,Invoice - 00371904  ,中国农业银行信用卡(8765)     ,202.74,交易成功                ,其他                  ,"2022012122001367731407792827	","src_1KKClGK2XFgkzPBWTn6rS1kG	",2022/1/21 10:22
支出                  ,滴滴出行                ,chu***@didichuxing.com,滴滴快车-侯师傅-01月21日行程   ,中国农业银行信用卡(8765)     ,21.33,交易成功                ,交通出行                ,"2022012122001467731408173999	","210_202201218817216201607142	",2022/1/21 9:18
支出                  ,滴滴出行                ,chu***@didichuxing.com,滴滴快车-何师傅-01月20日行程   ,中国农业银行信用卡(8765)     ,19.36,交易成功                ,交通出行                ,"2022012022001467731406806466	","210_202201204379354101184095	",2022/1/20 9:33
支出                  ,滴滴出行                ,chu***@didichuxing.com,滴滴快车-黎师傅-01月19日行程   ,中国农业银行信用卡(8765)     ,21.02,交易成功                ,交通出行                ,"2022011922001467731406116601	","210_202201192273691701401663	",2022/1/19 9:20
支出                  ,喜马拉雅FM              ,das***@ximalaya.com ,VIP会员               ,中国农业银行信用卡(8765)     ,18,交易成功                ,文化休闲                ,"2022011822001467731405123397	","2022011811389601642477132963033	",2022/1/18 11:38
支出                  ,滴滴出行                ,chu***@didichuxing.com,滴滴快车-王师傅-01月18日行程   ,中国农业银行信用卡(8765)     ,19.76,交易成功                ,交通出行                ,"2022011822001467731405142693	","210_202201186217328701164114	",2022/1/18 9:17
支出                  ,滴滴出行                ,chu***@didichuxing.com,滴滴快车-刘师傅-行程         ,中国农业银行信用卡(8765)     ,3,交易成功                ,交通出行                ,"2022011822001467731405011687	","210_202201187498183601134061	",2022/1/18 8:50
支出                  ,百度平台商家              ,bds***@baidu.com    ,医疗快速问诊升级            ,中国农业银行信用卡(8765)     ,29.9,交易成功                ,医疗健康                ,"2022011322001467731400763808	","2201130477703212    	",2022/1/13 9:39
支出                  ,肯德基(腾达餐厅)           ,cdu***@yum.com      ,KFC_PREAFPCDU0551641607266173049098,中国农业银行信用卡(8765)     ,43,交易成功                ,餐饮美食                ,"2022010822001467731456938694	","AFPCDU0551641607266173049098	",2022/1/8 10:01
支出                  ,滴滴出行                ,chu***@didichuxing.com,滴滴快车-张师傅-01月08日行程   ,中国农业银行信用卡(8765)     ,16.8,交易成功                ,交通出行                ,"2022010822001467731456861249	","210_202201082023619701710170	",2022/1/8 9:43
支出                  ,滴滴出行                ,chu***@didichuxing.com,滴滴快车-马师傅-01月01日行程   ,中国农业银行信用卡(8765)     ,17.9,交易成功                ,交通出行                ,"2022010122001467731450128091	","210_202201019630078801928120	",2022/1/1 9:52
